index,source,output,width,height,bytes
1,1.0.别惹我我防御拉满.png,assets/portfolio/video-covers/video-01.webp,900,1600,252340
2,1.1.别惹我我防御拉满2D.png,assets/portfolio/video-covers/video-02.webp,900,1600,408898
3,2.提线.png,assets/portfolio/video-covers/video-03.webp,900,1600,160418
4,3.影眼.png,assets/portfolio/video-covers/video-04.webp,900,1600,162240
5,4.星核纪元.png,assets/portfolio/video-covers/video-05.webp,900,1600,367358
6,5.外国短剧_new_arttitle.png,assets/portfolio/video-covers/video-06.webp,1067,1600,202350
7,6.凤归巢.png,assets/portfolio/video-covers/video-07.webp,900,1600,130886
8,7.《让我当傀儡皇帝，我直升陆地神仙》.png,assets/portfolio/video-covers/video-08.webp,1024,1536,340972
9,8.一期生.png,assets/portfolio/video-covers/video-09.webp,900,1600,149018
