Category,Original,File
graphic-design,1缘影之夜.png,assets/portfolio/graphic-design/graphic-01.webp
graphic-design,2缘影之夜2026.png,assets/portfolio/graphic-design/graphic-02.webp
graphic-design,3kv主视觉.png,assets/portfolio/graphic-design/graphic-03.webp
graphic-design,4.山茶企业vi设计.png,assets/portfolio/graphic-design/graphic-04.webp
graphic-design,5.山茶vi.png,assets/portfolio/graphic-design/graphic-05.webp
graphic-design,6vi设计.png,assets/portfolio/graphic-design/graphic-06.webp
graphic-design,7vi设计.png,assets/portfolio/graphic-design/graphic-07.webp
graphic-design,8.麦当劳宣传.png,assets/portfolio/graphic-design/graphic-08.webp
graphic-design,9logo设计.png,assets/portfolio/graphic-design/graphic-09.webp
graphic-design,10海报设计.png,assets/portfolio/graphic-design/graphic-10.webp
graphic-design,11名片设计.png,assets/portfolio/graphic-design/graphic-11.webp
graphic-design,12文字排版设计.png,assets/portfolio/graphic-design/graphic-12.webp
graphic-design,13川剧变脸插画.png,assets/portfolio/graphic-design/graphic-13.webp
graphic-design,14电商海报.png,assets/portfolio/graphic-design/graphic-14.webp
graphic-design,15影视海报.png,assets/portfolio/graphic-design/graphic-15.webp
graphic-design,16波普艺术光碟.png,assets/portfolio/graphic-design/graphic-16.webp
graphic-design,17.png,assets/portfolio/graphic-design/graphic-17.webp
aigc-posters,1除夕（最终）.png,assets/portfolio/aigc-posters/poster-01.webp
aigc-posters,2元宵海报.png,assets/portfolio/aigc-posters/poster-02.webp
aigc-posters,3.妇女节海报.png,assets/portfolio/aigc-posters/poster-03.webp
aigc-posters,4.IP授权展.png,assets/portfolio/aigc-posters/poster-04.webp
aigc-posters,5.上海授权展.png,assets/portfolio/aigc-posters/poster-05.webp
aigc-posters,6.植树节.jpg,assets/portfolio/aigc-posters/poster-06.webp
aigc-posters,7.提线.png,assets/portfolio/aigc-posters/poster-07.webp
aigc-posters,8漫剧海报.png,assets/portfolio/aigc-posters/poster-08.webp
aigc-posters,9短剧海报.png,assets/portfolio/aigc-posters/poster-09.webp
aigc-posters,10影眼海报.png,assets/portfolio/aigc-posters/poster-10.webp
aigc-posters,11星核纪元.png,assets/portfolio/aigc-posters/poster-11.webp
aigc-posters,12一期生.png,assets/portfolio/aigc-posters/poster-12.webp
aigc-posters,13.0戏曲海报.png,assets/portfolio/aigc-posters/poster-13.webp
aigc-posters,13亚匹联联动.png,assets/portfolio/aigc-posters/poster-14.webp
aigc-posters,14亚匹联动2.png,assets/portfolio/aigc-posters/poster-15.webp
aigc-posters,15亚匹联易拉宝.png,assets/portfolio/aigc-posters/poster-16.webp
aigc-posters,15亚匹联联动3.png,assets/portfolio/aigc-posters/poster-17.webp
aigc-posters,16外国短剧海报.png,assets/portfolio/aigc-posters/poster-18.webp
aigc-posters,17水彩冬至5.png,assets/portfolio/aigc-posters/poster-19.webp
aigc-posters,18立春海报.png,assets/portfolio/aigc-posters/poster-20.webp
aigc-posters,19路线图设计.png,assets/portfolio/aigc-posters/poster-21.webp
aigc-posters,20南方小年.png,assets/portfolio/aigc-posters/poster-22.webp
aigc-posters,21小寒.png,assets/portfolio/aigc-posters/poster-23.webp
anime-design,1.敦煌插画.png,assets/portfolio/anime-design/anime-01.webp
anime-design,2.敦煌场景.png,assets/portfolio/anime-design/anime-02.webp
anime-design,3.敦煌系列.png,assets/portfolio/anime-design/anime-03.webp
anime-design,4.敦煌双设图.png,assets/portfolio/anime-design/anime-04.webp
anime-design,5.动漫设定.png,assets/portfolio/anime-design/anime-05.webp
anime-design,6.动漫Q版设定.png,assets/portfolio/anime-design/anime-06.webp
anime-design,7人设单.png,assets/portfolio/anime-design/anime-07.webp
anime-design,8.角色设计.png,assets/portfolio/anime-design/anime-08.webp
anime-design,9.角色设计1.png,assets/portfolio/anime-design/anime-09.webp
anime-design,10.角色设计3.png,assets/portfolio/anime-design/anime-10.webp
anime-design,11.角色设计2.png,assets/portfolio/anime-design/anime-11.webp
anime-design,12.角色表情.png,assets/portfolio/anime-design/anime-12.webp
anime-design,13.角色设计线稿.png,assets/portfolio/anime-design/anime-13.webp
anime-design,14.角色.png,assets/portfolio/anime-design/anime-14.webp
asset-character,01_主角设定.png,assets/portfolio/asset-character/character-01.webp
asset-character,02_人物角色_01.png,assets/portfolio/asset-character/character-02.webp
asset-character,03_人物角色_02.png,assets/portfolio/asset-character/character-03.webp
asset-character,04_人物角色_03.png,assets/portfolio/asset-character/character-04.webp
asset-character,05_人物角色_04.png,assets/portfolio/asset-character/character-05.webp
asset-character,06_人物角色_05.png,assets/portfolio/asset-character/character-06.webp
asset-character,07_非人角色_01.png,assets/portfolio/asset-character/character-07.webp
asset-character,08_非人角色_02.png,assets/portfolio/asset-character/character-08.webp
asset-character,09_非人角色_03.png,assets/portfolio/asset-character/character-09.webp
asset-character,10_非人角色_04.png,assets/portfolio/asset-character/character-10.webp
asset-scene,九天雷劫阵幻境.png,assets/portfolio/asset-scene/scene-01.webp
asset-scene,人妖分界线（九视图）.png,assets/portfolio/asset-scene/scene-02.webp
asset-scene,人族边境防线  战场.png,assets/portfolio/asset-scene/scene-03.webp
asset-scene,厨房（九视图）.png,assets/portfolio/asset-scene/scene-04.webp
asset-scene,叶凝宫殿（花园）.png,assets/portfolio/asset-scene/scene-05.webp
asset-scene,君笙歌密室.png,assets/portfolio/asset-scene/scene-06.webp
asset-scene,夜外小镇街道（九视图）.png,assets/portfolio/asset-scene/scene-07.webp
asset-scene,大长老房间.png,assets/portfolio/asset-scene/scene-08.webp
asset-scene,天剑宗密谈室（九视图）.png,assets/portfolio/asset-scene/scene-09.webp
asset-scene,天剑宗庭院.png,assets/portfolio/asset-scene/scene-10.webp
asset-scene,妖兽荒漠幻境.png,assets/portfolio/asset-scene/scene-11.webp
asset-scene,妖尊大殿.png,assets/portfolio/asset-scene/scene-12.webp
asset-scene,宗门大比（九视图）.png,assets/portfolio/asset-scene/scene-13.webp
asset-scene,山下小镇  客栈.png,assets/portfolio/asset-scene/scene-14.webp
asset-scene,山下村庄（废墟）.png,assets/portfolio/asset-scene/scene-15.webp
asset-scene,幻境内与外的交界处（九视图）.png,assets/portfolio/asset-scene/scene-16.webp
asset-scene,幻境内部花海（九视图）.png,assets/portfolio/asset-scene/scene-17.webp
asset-scene,废墟旁(九视图).png,assets/portfolio/asset-scene/scene-18.webp
asset-scene,悬崖边虚空（最后一集）.png,assets/portfolio/asset-scene/scene-19.webp
asset-scene,悬崖（九视图）.png,assets/portfolio/asset-scene/scene-20.webp
asset-scene,施法后的秘境.png,assets/portfolio/asset-scene/scene-21.webp
asset-scene,森林（九视图）.png,assets/portfolio/asset-scene/scene-22.webp
asset-scene,沈念房间（九视图）.png,assets/portfolio/asset-scene/scene-23.webp
asset-scene,涧云宗后山.png,assets/portfolio/asset-scene/scene-24.webp
asset-scene,涧云宗后山森林.png,assets/portfolio/asset-scene/scene-25.webp
asset-scene,涧云宗大堂（九视图）.png,assets/portfolio/asset-scene/scene-26.webp
asset-scene,涧云宗山门（九视图）.png,assets/portfolio/asset-scene/scene-27.webp
asset-scene,涧云宗议事厅.png,assets/portfolio/asset-scene/scene-28.webp
asset-scene,秘境入口（九视图）.png,assets/portfolio/asset-scene/scene-29.webp
asset-scene,秘境内.png,assets/portfolio/asset-scene/scene-30.webp
asset-scene,秘境洞穴（九视图）.png,assets/portfolio/asset-scene/scene-31.webp
asset-scene,秘境深处（九视图）.png,assets/portfolio/asset-scene/scene-32.webp
asset-scene,落凤坡.png,assets/portfolio/asset-scene/scene-33.webp
asset-scene,训练场（九视图）.png,assets/portfolio/asset-scene/scene-34.webp
asset-scene,诛妖台.png,assets/portfolio/asset-scene/scene-35.webp
asset-scene,边境营地  篝火点.png,assets/portfolio/asset-scene/scene-36.webp
asset-scene,风狸上古神域记忆幻境.png,assets/portfolio/asset-scene/scene-37.webp
asset-scene,风狸神域・上古草原.png,assets/portfolio/asset-scene/scene-38.webp
asset-scene,风狸神域・神魔战场.png,assets/portfolio/asset-scene/scene-39.webp
